mp_id,issue_year,issue_age,gender,sum_assured,premium_pay_term,payment_type
240001,2024,54,F,100000000,10,frac
240002,2024,47,M,100000000,20,frac
240003,2024,35,F,150000000,30,frac
240004,2024,57,M,500000000,10,frac
240005,2024,36,F,1000000000,25,frac
240006,2024,32,M,200000000,10,frac
240007,2024,36,F,100000000,34,full
240008,2024,30,M,200000000,30,frac
240009,2024,49,F,300000000,5,frac
240010,2024,43,M,100000000,7,frac
240011,2024,42,F,100000000,10,frac
240012,2024,63,M,300000000,5,frac
240013,2024,31,F,50000000,5,frac
240014,2024,43,M,100000000,27,full
240015,2024,37,F,150000000,15,frac
240016,2024,41,M,100000000,29,full
240017,2024,58,F,50000000,12,full
240018,2024,38,M,300000000,30,frac
240019,2024,59,F,300000000,7,frac
240020,2024,51,M,50000000,19,full
240021,2024,59,F,500000000,5,frac
240022,2024,42,M,50000000,28,full
240023,2024,64,F,300000000,5,frac
240024,2024,48,M,200000000,22,full
240025,2024,31,F,200000000,20,frac
240026,2024,43,M,100000000,10,frac
240027,2024,43,F,100000000,15,frac
240028,2024,33,M,50000000,30,frac
240029,2024,40,F,50000000,7,frac
240030,2024,40,M,100000000,15,frac
240031,2024,25,F,30000000,10,frac
240032,2024,39,M,500000000,30,frac
240033,2024,61,F,50000000,7,frac
240034,2024,32,M,100000000,15,frac
240035,2024,42,F,30000000,28,full
240036,2024,42,M,150000000,28,full
240037,2024,54,F,100000000,7,frac
240038,2024,46,M,50000000,10,frac
240039,2024,33,F,500000000,7,frac
240040,2024,47,M,150000000,23,full
240041,2024,34,F,300000000,36,full
240042,2024,46,M,100000000,20,frac
240043,2024,35,F,100000000,20,frac
240044,2024,65,M,500000000,5,full
240045,2024,33,F,100000000,25,frac
240046,2024,42,M,200000000,15,frac
240047,2024,38,F,100000000,7,frac
240048,2024,63,M,300000000,5,frac
240049,2024,52,F,50000000,7,frac
240050,2024,60,M,200000000,10,full
240051,2024,58,F,50000000,7,frac
240052,2024,54,M,30000000,16,full
240053,2024,36,F,200000000,25,frac
240054,2024,53,M,50000000,7,frac
240055,2024,63,F,200000000,5,frac
240056,2024,45,M,150000000,5,frac
240057,2024,39,F,100000000,10,frac
240058,2024,52,M,200000000,7,frac
240059,2024,33,F,100000000,25,frac
240060,2024,46,M,30000000,24,full
240061,2024,44,F,150000000,15,frac
240062,2024,44,M,50000000,15,frac
240063,2024,45,F,500000000,25,full
240064,2024,62,M,50000000,7,frac
240065,2024,31,F,100000000,25,frac
240066,2024,51,M,200000000,7,frac
240067,2024,43,F,200000000,25,frac
240068,2024,34,M,150000000,25,frac
240069,2024,43,F,100000000,10,frac
240070,2024,38,M,300000000,32,full
240071,2024,20,F,150000000,7,frac
240072,2024,37,M,150000000,5,frac
240073,2024,46,F,30000000,24,full
240074,2024,37,M,100000000,7,frac
240075,2024,57,F,100000000,10,frac
240076,2024,47,M,100000000,20,frac
240077,2024,63,F,150000000,5,frac
240078,2024,65,M,500000000,5,full
240079,2024,54,F,300000000,10,frac
240080,2024,45,M,30000000,15,frac
240081,2024,44,F,200000000,15,frac
240082,2024,31,M,30000000,25,frac
240083,2024,42,F,50000000,10,frac
240084,2024,33,M,100000000,30,frac
240085,2024,60,F,100000000,7,frac
240086,2024,32,M,50000000,38,full
240087,2024,58,F,200000000,10,frac
240088,2024,52,M,200000000,5,frac
240089,2024,62,F,100000000,8,full
240090,2024,41,M,100000000,5,frac
240091,2024,52,F,150000000,18,full
240092,2024,36,M,500000000,30,frac
240093,2024,56,F,150000000,10,frac
240094,2024,35,M,200000000,35,full
240095,2024,65,F,50000000,5,full
240096,2024,36,M,100000000,15,frac
240097,2024,65,F,50000000,5,full
240098,2024,31,M,200000000,10,frac
240099,2024,42,F,150000000,5,frac
240100,2024,39,M,150000000,15,frac
240101,2024,49,F,150000000,7,frac
240102,2024,63,M,30000000,5,frac
240103,2024,52,F,200000000,10,frac
240104,2024,49,M,100000000,15,frac
240105,2024,60,F,100000000,7,frac
240106,2024,29,M,100000000,7,frac
240107,2024,48,F,500000000,22,full
240108,2024,44,M,150000000,5,frac
240109,2024,28,F,30000000,25,frac
240110,2024,52,M,50000000,18,full
240111,2024,64,F,100000000,5,frac
240112,2024,32,M,100000000,15,frac
240113,2024,50,F,30000000,7,frac
240114,2024,51,M,150000000,5,frac
240115,2024,31,F,50000000,39,full
240116,2024,61,M,300000000,7,frac
240117,2024,34,F,200000000,15,frac
240118,2024,31,M,300000000,30,frac
240119,2024,45,F,100000000,15,frac
240120,2024,31,M,300000000,30,frac
240121,2024,38,F,300000000,30,frac
240122,2024,36,M,200000000,34,full
240123,2024,54,F,1000000000,7,frac
240124,2024,46,M,300000000,24,full
240125,2024,35,F,100000000,7,frac
240126,2024,23,M,30000000,47,full
240127,2024,42,F,200000000,20,frac
240128,2024,46,M,100000000,5,frac
240129,2024,59,F,100000000,5,frac
240130,2024,51,M,150000000,10,frac
240131,2024,36,F,200000000,10,frac
240132,2024,32,M,300000000,10,frac
240133,2024,51,F,100000000,10,frac
240134,2024,57,M,100000000,10,frac
240135,2024,37,F,300000000,5,frac
240136,2024,49,M,100000000,20,frac
240137,2024,51,F,50000000,19,full
240138,2024,54,M,200000000,5,frac
240139,2024,40,F,150000000,30,full
240140,2024,40,M,30000000,5,frac
240141,2024,31,F,200000000,20,frac
240142,2024,49,M,1000000000,21,full
240143,2024,60,F,100000000,5,frac
240144,2024,39,M,50000000,5,frac
240145,2024,63,F,200000000,5,frac
240146,2024,59,M,150000000,5,frac
240147,2024,55,F,300000000,7,frac
240148,2024,38,M,500000000,10,frac
240149,2024,53,F,300000000,17,full
240150,2024,20,M,50000000,5,frac
240151,2024,56,F,100000000,14,full
240152,2024,54,M,30000000,5,frac
240153,2024,49,F,100000000,5,frac
240154,2024,42,M,500000000,25,frac
240155,2024,28,F,100000000,25,frac
240156,2024,59,M,200000000,7,frac
240157,2024,25,F,200000000,10,frac
240158,2024,46,M,30000000,24,full
240159,2024,47,F,200000000,23,full
240160,2024,25,M,150000000,7,frac
240161,2024,51,F,200000000,19,full
240162,2024,43,M,150000000,10,frac
240163,2024,41,F,200000000,15,frac
240164,2024,53,M,100000000,5,frac
240165,2024,50,F,150000000,20,full
240166,2024,32,M,300000000,38,full
240167,2024,26,F,30000000,15,frac
240168,2024,35,M,100000000,35,full
240169,2024,46,F,200000000,24,full
240170,2024,42,M,150000000,10,frac
240171,2024,63,F,200000000,5,frac
240172,2024,44,M,100000000,26,full
240173,2024,24,F,500000000,5,frac
240174,2024,30,M,200000000,20,frac
240175,2024,61,F,50000000,5,frac
240176,2024,28,M,150000000,30,frac
240177,2024,35,F,1000000000,20,frac
240178,2024,45,M,300000000,25,full
240179,2024,35,F,50000000,35,full
240180,2024,52,M,200000000,18,full
240181,2024,45,F,300000000,25,full
240182,2024,23,M,1000000000,7,frac
240183,2024,37,F,150000000,15,frac
240184,2024,33,M,1000000000,37,full
240185,2024,30,F,150000000,10,frac
240186,2024,35,M,100000000,35,full
240187,2024,63,F,200000000,5,frac
240188,2024,25,M,200000000,30,frac
240189,2024,35,F,100000000,15,frac
240190,2024,28,M,150000000,20,frac
240191,2024,38,F,100000000,32,full
240192,2024,51,M,50000000,19,full
240193,2024,44,F,200000000,26,full
240194,2024,25,M,200000000,25,frac
240195,2024,29,F,50000000,10,frac
240196,2024,38,M,150000000,20,frac
240197,2024,30,F,100000000,40,full
240198,2024,36,M,150000000,5,frac
240199,2024,33,F,200000000,30,frac
240200,2024,48,M,100000000,10,frac
240201,2024,65,F,150000000,5,full
240202,2024,59,M,100000000,11,full
240203,2024,49,F,200000000,20,frac
240204,2024,40,M,200000000,15,frac
240205,2024,42,F,500000000,15,frac
240206,2024,42,M,150000000,10,frac
240207,2024,31,F,50000000,25,frac
240208,2024,30,M,30000000,40,full
240209,2024,55,F,500000000,15,full
240210,2024,44,M,200000000,26,full
240211,2024,46,F,150000000,20,frac
240212,2024,30,M,150000000,40,full
240213,2024,44,F,50000000,10,frac
240214,2024,33,M,150000000,7,frac
240215,2024,45,F,300000000,25,full
240216,2024,21,M,150000000,15,frac
240217,2024,49,F,150000000,5,frac
240218,2024,41,M,150000000,29,full
240219,2024,35,F,100000000,10,frac
240220,2024,37,M,50000000,15,frac
240221,2024,61,F,100000000,9,full
240222,2024,43,M,100000000,27,full
240223,2024,30,F,50000000,5,frac
240224,2024,63,M,1000000000,7,full
240225,2024,44,F,30000000,10,frac
240226,2024,58,M,200000000,10,frac
240227,2024,31,F,100000000,5,frac
240228,2024,48,M,100000000,20,frac
240229,2024,63,F,100000000,5,frac
240230,2024,32,M,100000000,5,frac
240231,2024,42,F,100000000,7,frac
240232,2024,49,M,150000000,21,full
240233,2024,41,F,100000000,25,frac
240234,2024,57,M,100000000,7,frac
240235,2024,56,F,150000000,7,frac
240236,2024,45,M,200000000,5,frac
240237,2024,49,F,30000000,20,frac
240238,2024,41,M,50000000,25,frac
240239,2024,48,F,50000000,22,full
240240,2024,54,M,100000000,10,frac
240241,2024,41,F,300000000,29,full
240242,2024,40,M,200000000,15,frac
240243,2024,20,F,100000000,7,frac
240244,2024,54,M,500000000,7,frac
240245,2024,51,F,150000000,5,frac
240246,2024,36,M,50000000,30,frac
240247,2024,54,F,50000000,7,frac
240248,2024,42,M,200000000,28,full
240249,2024,47,F,300000000,7,frac
240250,2024,46,M,500000000,24,full
240251,2024,36,F,1000000000,5,frac
240252,2024,29,M,100000000,41,full
240253,2024,64,F,1000000000,5,frac
240254,2024,51,M,200000000,7,frac
240255,2024,31,F,30000000,15,frac
240256,2024,37,M,100000000,25,frac
240257,2024,26,F,150000000,30,frac
240258,2024,38,M,150000000,30,frac
240259,2024,46,F,50000000,15,frac
240260,2024,48,M,300000000,10,frac
240261,2024,38,F,150000000,5,frac
240262,2024,43,M,200000000,7,frac
240263,2024,57,F,100000000,13,full
240264,2024,50,M,300000000,5,frac
240265,2024,61,F,200000000,7,frac
240266,2024,29,M,30000000,5,frac
240267,2024,29,F,100000000,10,frac
240268,2024,57,M,100000000,7,frac
240269,2024,65,F,100000000,5,full
240270,2024,36,M,500000000,5,frac
240271,2024,42,F,100000000,28,full
240272,2024,62,M,500000000,7,frac
240273,2024,62,F,200000000,5,frac
240274,2024,48,M,200000000,5,frac
240275,2024,34,F,200000000,20,frac
240276,2024,33,M,150000000,15,frac
240277,2024,38,F,300000000,15,frac
240278,2024,57,M,300000000,10,frac
240279,2024,31,F,150000000,39,full
240280,2024,35,M,100000000,20,frac
240281,2024,46,F,50000000,7,frac
240282,2024,27,M,150000000,30,frac
240283,2024,57,F,200000000,5,frac
240284,2024,27,M,300000000,7,frac
240285,2024,39,F,30000000,20,frac
240286,2024,42,M,100000000,28,full
240287,2024,28,F,200000000,15,frac
240288,2024,34,M,50000000,36,full
240289,2024,26,F,50000000,30,frac
240290,2024,55,M,100000000,7,frac
240291,2024,29,F,50000000,20,frac
240292,2024,59,M,300000000,10,frac
240293,2024,51,F,300000000,5,frac
240294,2024,65,M,200000000,5,full
240295,2024,49,F,150000000,7,frac
240296,2024,48,M,300000000,5,frac
240297,2024,60,F,150000000,10,full
240298,2024,53,M,100000000,17,full
240299,2024,25,F,50000000,7,frac
240300,2024,62,M,100000000,7,frac
240301,2024,42,F,150000000,15,frac
240302,2024,39,M,100000000,31,full
240303,2024,59,F,100000000,11,full
240304,2024,44,M,1000000000,20,frac
240305,2024,46,F,500000000,20,frac
240306,2024,48,M,50000000,15,frac
240307,2024,42,F,150000000,7,frac
240308,2024,43,M,200000000,25,frac
240309,2024,34,F,100000000,36,full
240310,2024,56,M,50000000,7,frac
240311,2024,32,F,200000000,15,frac
240312,2024,31,M,100000000,10,frac
240313,2024,42,F,150000000,15,frac
240314,2024,49,M,300000000,5,frac
240315,2024,31,F,100000000,10,frac
240316,2024,56,M,150000000,14,full
240317,2024,49,F,150000000,15,frac
240318,2024,27,M,50000000,20,frac
240319,2024,40,F,100000000,5,frac
240320,2024,38,M,150000000,10,frac
240321,2024,32,F,500000000,20,frac
240322,2024,61,M,100000000,5,frac
240323,2024,36,F,100000000,34,full
240324,2024,52,M,100000000,15,frac
240325,2024,52,F,100000000,5,frac
240326,2024,53,M,150000000,17,full
240327,2024,53,F,100000000,10,frac
240328,2024,57,M,100000000,13,full
240329,2024,49,F,100000000,5,frac
240330,2024,36,M,300000000,15,frac
240331,2024,36,F,50000000,30,frac
240332,2024,47,M,150000000,7,frac
240333,2024,38,F,100000000,32,full
240334,2024,39,M,100000000,31,full
240335,2024,61,F,200000000,5,frac
240336,2024,56,M,50000000,5,frac
240337,2024,42,F,200000000,28,full
240338,2024,32,M,100000000,25,frac
240339,2024,62,F,50000000,5,frac
240340,2024,53,M,150000000,5,frac
240341,2024,32,F,500000000,38,full
240342,2024,35,M,300000000,7,frac
240343,2024,65,F,200000000,5,full
240344,2024,46,M,100000000,15,frac
240345,2024,41,F,150000000,25,frac
240346,2024,52,M,200000000,7,frac
240347,2024,43,F,30000000,7,frac
240348,2024,35,M,300000000,20,frac
240349,2024,55,F,150000000,5,frac
240350,2024,30,M,300000000,30,frac
240351,2024,58,F,100000000,5,frac
240352,2024,52,M,200000000,7,frac
240353,2024,31,F,300000000,7,frac
240354,2024,44,M,100000000,7,frac
240355,2024,43,F,100000000,25,frac
240356,2024,47,M,30000000,15,frac
240357,2024,64,F,300000000,6,full
240358,2024,40,M,100000000,7,frac
240359,2024,32,F,200000000,7,frac
240360,2024,25,M,150000000,30,frac
240361,2024,38,F,200000000,30,frac
240362,2024,28,M,100000000,7,frac
240363,2024,22,F,100000000,48,full
240364,2024,36,M,50000000,15,frac
240365,2024,41,F,100000000,29,full
240366,2024,28,M,30000000,42,full
240367,2024,48,F,100000000,22,full
240368,2024,38,M,50000000,7,frac
240369,2024,56,F,300000000,10,frac
240370,2024,43,M,300000000,27,full
240371,2024,43,F,50000000,27,full
240372,2024,30,M,500000000,40,full
240373,2024,61,F,300000000,5,frac
240374,2024,59,M,100000000,7,frac
240375,2024,35,F,100000000,35,full
240376,2024,56,M,30000000,5,frac
240377,2024,45,F,100000000,25,full
240378,2024,35,M,30000000,10,frac
240379,2024,38,F,150000000,25,frac
240380,2024,39,M,100000000,10,frac
240381,2024,54,F,150000000,15,frac
240382,2024,22,M,100000000,7,frac
240383,2024,36,F,100000000,15,frac
240384,2024,23,M,200000000,7,frac
240385,2024,23,F,30000000,25,frac
240386,2024,58,M,50000000,12,full
240387,2024,60,F,100000000,10,full
240388,2024,62,M,200000000,5,frac
240389,2024,65,F,150000000,5,full
240390,2024,55,M,100000000,15,full
240391,2024,41,F,100000000,20,frac
240392,2024,28,M,30000000,7,frac
240393,2024,40,F,500000000,25,frac
240394,2024,34,M,500000000,5,frac
240395,2024,46,F,200000000,5,frac
240396,2024,20,M,100000000,15,frac
240397,2024,31,F,300000000,39,full
240398,2024,63,M,50000000,5,frac
240399,2024,33,F,50000000,10,frac
240400,2024,33,M,300000000,37,full
240401,2024,40,F,50000000,7,frac
240402,2024,41,M,100000000,10,frac
240403,2024,44,F,50000000,25,frac
240404,2024,40,M,200000000,30,full
240405,2024,51,F,30000000,5,frac
240406,2024,37,M,50000000,33,full
240407,2024,65,F,150000000,5,full
240408,2024,59,M,100000000,5,frac
240409,2024,42,F,200000000,10,frac
240410,2024,53,M,200000000,5,frac
240411,2024,31,F,50000000,7,frac
240412,2024,48,M,300000000,22,full
240413,2024,42,F,30000000,5,frac
240414,2024,42,M,500000000,7,frac
240415,2024,41,F,150000000,25,frac
240416,2024,45,M,1000000000,25,full
240417,2024,64,F,100000000,5,frac
240418,2024,22,M,30000000,20,frac
240419,2024,52,F,300000000,15,frac
240420,2024,33,M,150000000,20,frac
240421,2024,56,F,100000000,14,full
240422,2024,65,M,200000000,5,full
240423,2024,31,F,50000000,15,frac
240424,2024,45,M,300000000,15,frac
240425,2024,30,F,300000000,30,frac
240426,2024,33,M,100000000,10,frac
240427,2024,37,F,50000000,10,frac
240428,2024,37,M,30000000,20,frac
240429,2024,31,F,300000000,7,frac
240430,2024,54,M,200000000,15,frac
240431,2024,49,F,30000000,20,frac
240432,2024,64,M,300000000,5,frac
240433,2024,61,F,150000000,7,frac
240434,2024,56,M,200000000,14,full
240435,2024,42,F,150000000,20,frac
240436,2024,41,M,500000000,25,frac
240437,2024,55,F,100000000,7,frac
240438,2024,54,M,500000000,5,frac
240439,2024,60,F,50000000,7,frac
240440,2024,31,M,100000000,5,frac
240441,2024,43,F,1000000000,5,frac
240442,2024,23,M,500000000,20,frac
240443,2024,42,F,300000000,25,frac
240444,2024,34,M,200000000,15,frac
240445,2024,24,F,50000000,25,frac
240446,2024,48,M,100000000,5,frac
240447,2024,52,F,50000000,18,full
240448,2024,38,M,30000000,25,frac
240449,2024,35,F,1000000000,35,full
240450,2024,60,M,300000000,10,full
240451,2024,47,F,30000000,20,frac
240452,2024,51,M,300000000,10,frac
240453,2024,35,F,100000000,7,frac
240454,2024,43,M,200000000,20,frac
240455,2024,55,F,100000000,15,full
240456,2024,23,M,150000000,47,full
240457,2024,36,F,200000000,7,frac
240458,2024,43,M,300000000,7,frac
240459,2024,58,F,30000000,5,frac
240460,2024,50,M,300000000,5,frac
240461,2024,39,F,150000000,15,frac
240462,2024,44,M,50000000,7,frac
240463,2024,52,F,150000000,15,frac
240464,2024,58,M,100000000,5,frac
240465,2024,61,F,50000000,5,frac
240466,2024,26,M,200000000,44,full
240467,2024,36,F,200000000,10,frac
240468,2024,54,M,100000000,7,frac
240469,2024,41,F,100000000,20,frac
240470,2024,34,M,300000000,30,frac
240471,2024,60,F,500000000,10,full
240472,2024,48,M,50000000,22,full
240473,2024,37,F,300000000,5,frac
240474,2024,35,M,300000000,15,frac
240475,2024,38,F,200000000,32,full
240476,2024,48,M,150000000,22,full
240477,2024,43,F,150000000,7,frac
240478,2024,28,M,300000000,10,frac
240479,2024,39,F,50000000,25,frac
240480,2024,47,M,200000000,23,full
240481,2024,48,F,150000000,10,frac
240482,2024,58,M,30000000,10,frac
240483,2024,36,F,100000000,7,frac
240484,2024,36,M,200000000,34,full
240485,2024,38,F,200000000,10,frac
240486,2024,40,M,50000000,15,frac
240487,2024,42,F,500000000,5,frac
240488,2024,51,M,300000000,19,full
240489,2024,38,F,100000000,25,frac
240490,2024,46,M,200000000,15,frac
240491,2024,46,F,150000000,7,frac
240492,2024,28,M,100000000,10,frac
240493,2024,52,F,100000000,7,frac
240494,2024,45,M,100000000,15,frac
240495,2024,65,F,100000000,5,full
240496,2024,42,M,300000000,28,full
240497,2024,45,F,50000000,20,frac
240498,2024,43,M,150000000,20,frac
240499,2024,31,F,300000000,39,full
240500,2024,36,M,200000000,7,frac
240501,2024,64,F,100000000,5,frac
240502,2024,47,M,500000000,10,frac
240503,2024,48,F,300000000,15,frac
240504,2024,63,M,30000000,5,frac
240505,2024,47,F,50000000,20,frac
240506,2024,45,M,100000000,5,frac
240507,2024,31,F,1000000000,5,frac
240508,2024,33,M,50000000,5,frac
240509,2024,30,F,300000000,10,frac
240510,2024,58,M,150000000,10,frac
240511,2024,58,F,150000000,10,frac
240512,2024,34,M,200000000,36,full
240513,2024,31,F,100000000,39,full
240514,2024,24,M,200000000,10,frac
240515,2024,27,F,300000000,43,full
240516,2024,45,M,150000000,5,frac
240517,2024,32,F,300000000,5,frac
240518,2024,40,M,30000000,20,frac
240519,2024,44,F,150000000,5,frac
240520,2024,25,M,50000000,7,frac
240521,2024,48,F,100000000,15,frac
240522,2024,48,M,100000000,15,frac
240523,2024,23,F,150000000,20,frac
240524,2024,23,M,100000000,10,frac
240525,2024,44,F,50000000,15,frac
240526,2024,39,M,100000000,31,full
240527,2024,63,F,50000000,5,frac
240528,2024,46,M,200000000,20,frac
240529,2024,42,F,100000000,10,frac
240530,2024,54,M,200000000,15,frac
240531,2024,56,F,100000000,10,frac
240532,2024,30,M,100000000,20,frac
240533,2024,60,F,300000000,7,frac
240534,2024,47,M,200000000,15,frac
240535,2024,46,F,50000000,24,full
240536,2024,24,M,100000000,15,frac
240537,2024,43,F,50000000,15,frac
240538,2024,44,M,50000000,7,frac
240539,2024,23,F,500000000,47,full
240540,2024,37,M,300000000,33,full
240541,2024,32,F,150000000,10,frac
240542,2024,51,M,100000000,7,frac
240543,2024,32,F,500000000,30,frac
240544,2024,49,M,100000000,5,frac
240545,2024,39,F,100000000,15,frac
240546,2024,59,M,200000000,7,frac
240547,2024,37,F,1000000000,33,full
240548,2024,52,M,50000000,15,frac
240549,2024,36,F,100000000,34,full
240550,2024,38,M,300000000,32,full
240551,2024,65,F,200000000,5,full
240552,2024,51,M,500000000,5,frac
240553,2024,21,F,150000000,49,full
240554,2024,51,M,300000000,15,frac
240555,2024,55,F,100000000,5,frac
240556,2024,52,M,500000000,10,frac
240557,2024,65,F,200000000,5,full
240558,2024,49,M,100000000,21,full
240559,2024,41,F,150000000,29,full
240560,2024,56,M,100000000,14,full
240561,2024,31,F,200000000,25,frac
240562,2024,43,M,30000000,27,full
240563,2024,52,F,150000000,7,frac
240564,2024,41,M,100000000,29,full
240565,2024,60,F,100000000,5,frac
240566,2024,52,M,100000000,5,frac
240567,2024,42,F,300000000,10,frac
240568,2024,23,M,300000000,25,frac
240569,2024,48,F,150000000,15,frac
240570,2024,47,M,200000000,23,full
240571,2024,38,F,150000000,30,frac
240572,2024,53,M,300000000,17,full
240573,2024,40,F,150000000,25,frac
240574,2024,42,M,200000000,28,full
240575,2024,37,F,500000000,15,frac
240576,2024,29,M,200000000,10,frac
240577,2024,53,F,150000000,5,frac
240578,2024,40,M,200000000,30,full
240579,2024,37,F,150000000,7,frac
240580,2024,43,M,50000000,7,frac
240581,2024,31,F,100000000,15,frac
240582,2024,34,M,100000000,30,frac
240583,2024,47,F,200000000,10,frac
240584,2024,45,M,200000000,25,full
240585,2024,64,F,150000000,5,frac
240586,2024,23,M,100000000,30,frac
240587,2024,46,F,300000000,10,frac
240588,2024,30,M,300000000,20,frac
240589,2024,38,F,100000000,25,frac
240590,2024,47,M,200000000,5,frac
240591,2024,32,F,100000000,10,frac
240592,2024,45,M,200000000,25,full
240593,2024,59,F,500000000,10,frac
240594,2024,34,M,200000000,30,frac
240595,2024,33,F,100000000,20,frac
240596,2024,38,M,50000000,20,frac
240597,2024,48,F,150000000,15,frac
240598,2024,27,M,300000000,15,frac
240599,2024,58,F,150000000,5,frac
240600,2024,40,M,100000000,30,full
240601,2024,47,F,1000000000,10,frac
240602,2024,33,M,200000000,37,full
240603,2024,26,F,50000000,44,full
240604,2024,56,M,50000000,7,frac
240605,2024,40,F,100000000,30,full
240606,2024,45,M,200000000,15,frac
240607,2024,24,F,150000000,25,frac
240608,2024,63,M,200000000,7,full
240609,2024,43,F,300000000,27,full
240610,2024,31,M,150000000,30,frac
240611,2024,27,F,200000000,7,frac
240612,2024,54,M,150000000,15,frac
240613,2024,50,F,30000000,10,frac
240614,2024,30,M,100000000,20,frac
240615,2024,30,F,200000000,15,frac
240616,2024,41,M,200000000,29,full
240617,2024,41,F,500000000,29,full
240618,2024,48,M,100000000,20,frac
240619,2024,58,F,200000000,5,frac
240620,2024,27,M,50000000,43,full
240621,2024,28,F,100000000,30,frac
240622,2024,42,M,300000000,7,frac
240623,2024,60,F,30000000,10,full
240624,2024,42,M,50000000,28,full
240625,2024,58,F,100000000,10,frac
240626,2024,50,M,100000000,10,frac
240627,2024,52,F,30000000,5,frac
240628,2024,25,M,300000000,25,frac
240629,2024,46,F,300000000,5,frac
240630,2024,32,M,200000000,10,frac
240631,2024,30,F,150000000,40,full
240632,2024,33,M,100000000,10,frac
240633,2024,20,F,100000000,7,frac
240634,2024,31,M,200000000,10,frac
240635,2024,50,F,300000000,10,frac
240636,2024,38,M,300000000,32,full
240637,2024,55,F,150000000,5,frac
240638,2024,43,M,100000000,5,frac
240639,2024,46,F,150000000,20,frac
240640,2024,24,M,500000000,46,full
240641,2024,36,F,300000000,20,frac
240642,2024,49,M,30000000,21,full
240643,2024,45,F,500000000,25,full
240644,2024,23,M,500000000,10,frac
240645,2024,49,F,300000000,5,frac
240646,2024,40,M,100000000,15,frac
240647,2024,61,F,200000000,9,full
240648,2024,30,M,30000000,40,full
240649,2024,23,F,200000000,30,frac
240650,2024,35,M,300000000,5,frac
240651,2024,42,F,100000000,7,frac
240652,2024,34,M,50000000,25,frac
240653,2024,59,F,150000000,10,frac
240654,2024,26,M,300000000,44,full
240655,2024,53,F,30000000,17,full
240656,2024,48,M,100000000,5,frac
240657,2024,65,F,100000000,5,full
240658,2024,30,M,200000000,10,frac
240659,2024,57,F,50000000,13,full
240660,2024,35,M,500000000,5,frac
240661,2024,49,F,100000000,10,frac
240662,2024,48,M,300000000,20,frac
240663,2024,61,F,100000000,5,frac
240664,2024,64,M,100000000,5,frac
240665,2024,46,F,50000000,5,frac
240666,2024,57,M,150000000,13,full
240667,2024,22,F,150000000,48,full
240668,2024,35,M,300000000,25,frac
240669,2024,57,F,100000000,13,full
240670,2024,51,M,150000000,5,frac
240671,2024,30,F,150000000,40,full
240672,2024,43,M,150000000,10,frac
240673,2024,44,F,300000000,7,frac
240674,2024,52,M,200000000,7,frac
240675,2024,39,F,50000000,31,full
240676,2024,42,M,300000000,28,full
240677,2024,45,F,150000000,15,frac
240678,2024,39,M,100000000,31,full
240679,2024,39,F,200000000,25,frac
240680,2024,26,M,30000000,5,frac
240681,2024,34,F,200000000,5,frac
240682,2024,49,M,100000000,20,frac
240683,2024,65,F,150000000,5,full
240684,2024,40,M,200000000,25,frac
240685,2024,52,F,150000000,10,frac
240686,2024,38,M,300000000,5,frac
240687,2024,38,F,200000000,30,frac
240688,2024,29,M,200000000,5,frac
240689,2024,31,F,300000000,39,full
240690,2024,30,M,50000000,40,full
240691,2024,45,F,200000000,7,frac
240692,2024,49,M,200000000,7,frac
240693,2024,36,F,150000000,20,frac
240694,2024,65,M,300000000,5,full
240695,2024,50,F,300000000,7,frac
240696,2024,21,M,200000000,20,frac
240697,2024,32,F,100000000,25,frac
240698,2024,48,M,200000000,22,full
240699,2024,34,F,200000000,30,frac
240700,2024,56,M,100000000,14,full
240701,2024,55,F,200000000,7,frac
240702,2024,25,M,100000000,45,full
240703,2024,23,F,150000000,15,frac
240704,2024,43,M,100000000,25,frac
240705,2024,25,F,500000000,25,frac
240706,2024,48,M,150000000,15,frac
240707,2024,33,F,50000000,37,full
240708,2024,27,M,200000000,20,frac
240709,2024,42,F,300000000,20,frac
240710,2024,42,M,200000000,28,full
240711,2024,25,F,150000000,45,full
240712,2024,44,M,150000000,15,frac
240713,2024,36,F,100000000,7,frac
240714,2024,43,M,100000000,25,frac
240715,2024,39,F,150000000,31,full
240716,2024,43,M,1000000000,15,frac
240717,2024,37,F,150000000,25,frac
240718,2024,32,M,200000000,15,frac
240719,2024,35,F,200000000,30,frac
240720,2024,38,M,200000000,20,frac
240721,2024,64,F,300000000,5,frac
240722,2024,65,M,100000000,5,full
240723,2024,36,F,50000000,34,full
240724,2024,48,M,30000000,10,frac
240725,2024,56,F,200000000,7,frac
240726,2024,34,M,150000000,5,frac
240727,2024,61,F,50000000,9,full
240728,2024,52,M,100000000,18,full
240729,2024,63,F,100000000,5,frac
240730,2024,56,M,30000000,5,frac
240731,2024,37,F,300000000,7,frac
240732,2024,65,M,150000000,5,full
240733,2024,41,F,300000000,25,frac
240734,2024,41,M,150000000,25,frac
240735,2024,44,F,300000000,25,frac
240736,2024,43,M,150000000,5,frac
240737,2024,52,F,150000000,15,frac
240738,2024,30,M,30000000,15,frac
240739,2024,36,F,200000000,34,full
240740,2024,36,M,100000000,34,full
240741,2024,24,F,300000000,5,frac
240742,2024,40,M,30000000,30,full
240743,2024,64,F,150000000,5,frac
240744,2024,29,M,500000000,7,frac
240745,2024,39,F,200000000,31,full
240746,2024,49,M,150000000,5,frac
240747,2024,47,F,100000000,7,frac
240748,2024,51,M,200000000,5,frac
240749,2024,65,F,100000000,5,full
240750,2024,49,M,30000000,7,frac
240751,2024,40,F,100000000,30,full
240752,2024,31,M,50000000,39,full
240753,2024,64,F,50000000,5,frac
240754,2024,23,M,150000000,7,frac
240755,2024,35,F,50000000,35,full
240756,2024,31,M,50000000,10,frac
240757,2024,32,F,100000000,15,frac
240758,2024,34,M,300000000,25,frac
240759,2024,38,F,200000000,25,frac
240760,2024,48,M,500000000,20,frac
240761,2024,53,F,200000000,5,frac
240762,2024,58,M,200000000,12,full
240763,2024,43,F,300000000,25,frac
240764,2024,28,M,100000000,15,frac
240765,2024,26,F,50000000,44,full
240766,2024,63,M,100000000,7,full
240767,2024,35,F,300000000,35,full
240768,2024,36,M,150000000,30,frac
240769,2024,37,F,100000000,7,frac
240770,2024,33,M,300000000,37,full
240771,2024,31,F,150000000,7,frac
240772,2024,24,M,200000000,25,frac
240773,2024,65,F,30000000,5,full
240774,2024,20,M,300000000,20,frac
240775,2024,41,F,100000000,29,full
240776,2024,48,M,200000000,15,frac
240777,2024,36,F,200000000,34,full
240778,2024,65,M,50000000,5,full
240779,2024,23,F,100000000,7,frac
240780,2024,35,M,150000000,35,full
240781,2024,42,F,200000000,5,frac
240782,2024,41,M,100000000,10,frac
240783,2024,34,F,200000000,36,full
240784,2024,61,M,50000000,5,frac
240785,2024,62,F,100000000,5,frac
240786,2024,35,M,150000000,35,full
240787,2024,43,F,100000000,27,full
240788,2024,23,M,100000000,25,frac
240789,2024,45,F,500000000,25,full
240790,2024,46,M,300000000,15,frac
240791,2024,38,F,100000000,32,full
240792,2024,34,M,100000000,20,frac
240793,2024,36,F,100000000,30,frac
240794,2024,47,M,50000000,10,frac
240795,2024,52,F,200000000,18,full
240796,2024,57,M,150000000,10,frac
240797,2024,43,F,100000000,27,full
240798,2024,40,M,50000000,30,full
240799,2024,54,F,150000000,7,frac
240800,2024,42,M,300000000,28,full
240801,2024,61,F,500000000,5,frac
240802,2024,20,M,100000000,30,frac
240803,2024,45,F,200000000,5,frac
240804,2024,36,M,100000000,20,frac
240805,2024,45,F,300000000,5,frac
240806,2024,28,M,50000000,42,full
240807,2024,60,F,200000000,7,frac
240808,2024,53,M,30000000,7,frac
240809,2024,32,F,30000000,30,frac
240810,2024,44,M,100000000,26,full
240811,2024,35,F,1000000000,15,frac
240812,2024,22,M,150000000,25,frac
240813,2024,54,F,200000000,16,full
240814,2024,61,M,100000000,9,full
240815,2024,24,F,200000000,46,full
240816,2024,32,M,100000000,38,full
240817,2024,49,F,50000000,15,frac
240818,2024,65,M,150000000,5,full
240819,2024,46,F,300000000,24,full
240820,2024,30,M,200000000,40,full
240821,2024,65,F,50000000,5,full
240822,2024,34,M,500000000,15,frac
240823,2024,31,F,150000000,7,frac
240824,2024,38,M,300000000,25,frac
240825,2024,34,F,300000000,20,frac
240826,2024,46,M,50000000,20,frac
240827,2024,59,F,150000000,7,frac
240828,2024,54,M,200000000,5,frac
240829,2024,59,F,200000000,5,frac
240830,2024,63,M,100000000,5,frac
240831,2024,21,F,50000000,49,full
240832,2024,45,M,50000000,20,frac
240833,2024,29,F,300000000,25,frac
240834,2024,44,M,100000000,26,full
240835,2024,37,F,50000000,7,frac
240836,2024,35,M,500000000,7,frac
240837,2024,35,F,150000000,5,frac
240838,2024,52,M,300000000,5,frac
240839,2024,38,F,100000000,32,full
240840,2024,50,M,100000000,10,frac
240841,2024,27,F,150000000,43,full
240842,2024,30,M,50000000,20,frac
240843,2024,48,F,300000000,7,frac
240844,2024,38,M,200000000,25,frac
240845,2024,34,F,100000000,15,frac
240846,2024,33,M,100000000,37,full
240847,2024,37,F,100000000,25,frac
240848,2024,33,M,50000000,10,frac
240849,2024,37,F,150000000,33,full
240850,2024,31,M,150000000,15,frac
240851,2024,33,F,150000000,37,full
240852,2024,64,M,100000000,5,frac
240853,2024,30,F,100000000,40,full
240854,2024,30,M,150000000,40,full
240855,2024,65,F,300000000,5,full
240856,2024,43,M,30000000,10,frac
240857,2024,51,F,50000000,10,frac
240858,2024,50,M,200000000,20,full
240859,2024,42,F,200000000,28,full
240860,2024,27,M,100000000,43,full
240861,2024,45,F,30000000,25,full
240862,2024,28,M,500000000,25,frac
240863,2024,42,F,30000000,5,frac
240864,2024,63,M,200000000,5,frac
240865,2024,62,F,200000000,5,frac
240866,2024,35,M,500000000,15,frac
240867,2024,52,F,200000000,10,frac
240868,2024,35,M,100000000,35,full
240869,2024,54,F,200000000,16,full
240870,2024,29,M,150000000,41,full
240871,2024,60,F,50000000,5,frac
240872,2024,64,M,500000000,6,full
240873,2024,41,F,150000000,15,frac
240874,2024,28,M,500000000,10,frac
240875,2024,38,F,100000000,25,frac
240876,2024,39,M,100000000,5,frac
240877,2024,54,F,300000000,16,full
240878,2024,29,M,30000000,20,frac
240879,2024,36,F,150000000,15,frac
240880,2024,27,M,100000000,43,full
240881,2024,61,F,300000000,5,frac
240882,2024,31,M,500000000,39,full
240883,2024,32,F,100000000,15,frac
240884,2024,58,M,100000000,12,full
240885,2024,59,F,1000000000,5,frac
240886,2024,33,M,50000000,37,full
240887,2024,46,F,100000000,7,frac
240888,2024,33,M,30000000,7,frac
240889,2024,32,F,500000000,25,frac
240890,2024,59,M,100000000,7,frac
240891,2024,54,F,200000000,16,full
240892,2024,32,M,1000000000,38,full
240893,2024,31,F,200000000,39,full
240894,2024,33,M,300000000,37,full
240895,2024,57,F,200000000,13,full
240896,2024,32,M,150000000,20,frac
240897,2024,41,F,150000000,29,full
240898,2024,30,M,150000000,10,frac
240899,2024,53,F,300000000,7,frac
240900,2024,39,M,300000000,31,full
240901,2024,46,F,100000000,5,frac
240902,2024,65,M,30000000,5,full
240903,2024,47,F,200000000,10,frac
240904,2024,62,M,150000000,7,frac
240905,2024,38,F,50000000,20,frac
240906,2024,52,M,50000000,10,frac
240907,2024,33,F,100000000,37,full
240908,2024,44,M,50000000,5,frac
240909,2024,26,F,30000000,25,frac
240910,2024,54,M,300000000,10,frac
240911,2024,23,F,300000000,47,full
240912,2024,30,M,150000000,15,frac
240913,2024,58,F,300000000,7,frac
240914,2024,51,M,100000000,10,frac
240915,2024,32,F,200000000,20,frac
240916,2024,37,M,200000000,15,frac
240917,2024,29,F,200000000,15,frac
240918,2024,30,M,500000000,15,frac
240919,2024,41,F,200000000,10,frac
240920,2024,41,M,100000000,7,frac
240921,2024,33,F,150000000,10,frac
240922,2024,36,M,30000000,34,full
240923,2024,59,F,300000000,11,full
240924,2024,46,M,30000000,20,frac
240925,2024,61,F,200000000,5,frac
240926,2024,49,M,150000000,5,frac
240927,2024,42,F,100000000,25,frac
240928,2024,47,M,200000000,7,frac
240929,2024,35,F,200000000,5,frac
240930,2024,51,M,200000000,10,frac
240931,2024,36,F,50000000,10,frac
240932,2024,34,M,200000000,36,full
240933,2024,53,F,150000000,7,frac
240934,2024,37,M,50000000,15,frac
240935,2024,31,F,50000000,25,frac
240936,2024,43,M,200000000,27,full
240937,2024,40,F,150000000,30,full
240938,2024,58,M,1000000000,7,frac
240939,2024,35,F,200000000,5,frac
240940,2024,65,M,100000000,5,full
240941,2024,54,F,100000000,15,frac
240942,2024,64,M,300000000,5,frac
240943,2024,62,F,200000000,5,frac
240944,2024,30,M,150000000,10,frac
240945,2024,32,F,200000000,30,frac
240946,2024,45,M,1000000000,10,frac
240947,2024,36,F,200000000,30,frac
240948,2024,21,M,30000000,15,frac
240949,2024,22,F,100000000,48,full
240950,2024,63,M,50000000,5,frac
240951,2024,60,F,300000000,10,full
240952,2024,42,M,50000000,28,full
240953,2024,53,F,500000000,15,frac
240954,2024,60,M,500000000,10,full
240955,2024,49,F,150000000,15,frac
240956,2024,50,M,150000000,20,full
240957,2024,37,F,200000000,20,frac
240958,2024,38,M,500000000,5,frac
240959,2024,28,F,300000000,42,full
240960,2024,20,M,50000000,5,frac
240961,2024,40,F,150000000,10,frac
240962,2024,31,M,100000000,30,frac
240963,2024,32,F,100000000,15,frac
240964,2024,58,M,500000000,7,frac
240965,2024,55,F,500000000,7,frac
240966,2024,31,M,200000000,39,full
240967,2024,42,F,100000000,10,frac
240968,2024,41,M,200000000,29,full
240969,2024,62,F,200000000,7,frac
240970,2024,28,M,1000000000,5,frac
240971,2024,46,F,50000000,20,frac
240972,2024,41,M,50000000,25,frac
240973,2024,38,F,30000000,10,frac
240974,2024,37,M,30000000,7,frac
240975,2024,46,F,150000000,15,frac
240976,2024,53,M,50000000,17,full
240977,2024,57,F,150000000,10,frac
240978,2024,49,M,200000000,15,frac
240979,2024,65,F,300000000,5,full
240980,2024,33,M,30000000,10,frac
240981,2024,44,F,200000000,26,full
240982,2024,65,M,300000000,5,full
240983,2024,60,F,30000000,10,full
240984,2024,30,M,200000000,40,full
240985,2024,36,F,100000000,34,full
240986,2024,61,M,100000000,7,frac
240987,2024,63,F,150000000,5,frac
240988,2024,35,M,100000000,35,full
240989,2024,64,F,100000000,5,frac
240990,2024,46,M,200000000,20,frac
240991,2024,57,F,300000000,13,full
240992,2024,29,M,150000000,41,full
240993,2024,52,F,30000000,18,full
240994,2024,56,M,150000000,7,frac
240995,2024,21,F,500000000,7,frac
240996,2024,56,M,50000000,7,frac
240997,2024,49,F,150000000,5,frac
240998,2024,57,M,30000000,10,frac
240999,2024,37,F,500000000,33,full
241000,2024,35,M,1000000000,20,frac
